[
	{
		"title": "EE201",
		"links": [
			{
				"title": "Google",
				"description": "A Great resource!",
				"link": "http://www.google.com"
			},
			{
				"title": "Google",
				"description": "A Great resource!",
				"link": "http://www.google.com"
			},
			{
				"title": "Google",
				"description": "A Great resource!",
				"link": "http://www.google.com"
			},
			{
				"title": "Google",
				"description": "A Great resource!",
				"link": "http://www.google.com"
			},
			{
				"title": "Google",
				"description": "A Great resource!",
				"link": "http://www.google.com"
			}
		]
	},
	{
		"title": "EE203",
		"links": [
			{
				"title": "Google",
				"link": "http://www.google.co.in"
			},
			{
				"title": "Google",
				"link": "http://www.google.co.in"
			}
		]
	},
	{
		"title": "EE205",
		"links": [
			{
				"title": "Google",
				"link": "http://www.google.co.in"
			},
			{
				"title": "Google",
				"description": "A Great resource!",
				"link": "http://www.google.com"
			},
			{
				"title": "Google",
				"description": "A Great resource!",
				"link": "http://www.google.com"
			},
			{
				"title": "Google",
				"link": "http://www.google.co.in"
			}
		]
	}
]