[
	{
		"title": "General",
		"links": [
			{
				"title": "2013-14",
				"link": "#/links/general"
			}
		]
	},
	{
		"title": "2013 Batch",
		"links": [
			{
				"title": "CSE",
				"link": "#/links/cse2013"
			},
			{
				"title": "EE",
				"link": "#/links/ee2013"
			},
			{
				"title": "ME",
				"link": "#/links/me2013"
			}
		]
	},
	{
		"title": "2012 Batch",
		"links": [
			{
				"title": "CSE",
				"link": "#/links/cse2012"
			},
			{
				"title": "EE",
				"link": "#/links/ee2012"
			},
			{
				"title": "ME",
				"link": "#/links/me2012"
			}
		]
	},
	{
		"title": "2011 Batch",
		"links": [
			{
				"title": "CSE",
				"link": "#/links/cse2011"
			},
			{
				"title": "EE",
				"link": "#/links/ee2011"
			},
			{
				"title": "ME",
				"link": "#/links/me2011"
			}
		]
	},
	{
		"title": "2010 Batch",
		"links": [
			{
				"title": "CSE",
				"link": "#/links/cse2010"
			},
			{
				"title": "EE",
				"link": "#/links/ee2010"
			},
			{
				"title": "ME",
				"link": "#/links/me2010"
			}
		]
	},
	{
		"title": "2009 Batch",
		"links": [
			{
				"title": "CSE",
				"link": "#/links/cse2009"
			},
			{
				"title": "EE",
				"link": "#/links/ee2009"
			},
			{
				"title": "ME",
				"link": "#/links/me2009"
			}
		]
	}
]